1.0,1.442730188369751,1.318286657333374,1.3370782136917114,1.4017102718353271,1.4769786596298218,1.5469377040863037,1.5893304347991943,1.6439136266708374,1.6813981533050537,1.7029801607131958,1.711713433265686,1.6856517791748047,1.6377655267715454,1.551959753036499,1.4460963010787964,1.3022019863128662,1.1676896810531616,1.0170373916625977,0.75502294301986694,0.53346973657608032
1.0249999999999999,0.69968539476394653,0.84959912300109863,1.035564661026001,1.1251994371414185,1.2276941537857056,1.3277357816696167,1.4159635305404663,1.4915629625320435,1.5490016937255859,1.6050807237625122,1.6453427076339722,1.6629583835601807,1.6889564990997314,1.6948850154876709,1.6891417503356934,1.6737021207809448,1.6479038000106812,1.6093857288360596,1.5004215240478516,1.4160753488540649
1.05,0.868072509765625,0.95848500728607178,1.076317310333252,1.2405519485473633,1.3598440885543823,1.4766404628753662,1.5805584192276001,1.6481540203094482,1.6839656829833984,1.6877481937408447,1.6744771003723145,1.6461763381958008,1.6243191957473755,1.5974342823028564,1.5614718198776245,1.5207518339157104,1.4894524812698364,1.4793156385421753,1.4158092737197876,1.4161875247955322
1.075,1.0542503595352173,1.0749950408935547,1.1777321100234985,1.2745593786239624,1.3749406337738037,1.4711717367172241,1.5340356826782227,1.5991115570068359,1.6506978273391724,1.6910523176193237,1.7116438150405884,1.7124820947647095,1.6997244358062744,1.6633443832397461,1.6013747453689575,1.5120331048965454,1.4273903369903564,1.347014307975769,1.1638343334197998,0.98514783382415771
1.1000000000000001,1.2379366159439087,1.2619866132736206,1.3291075229644775,1.3749781847000122,1.4676800966262817,1.542601466178894,1.593869686126709,1.6557608842849731,1.7004973888397217,1.7148354053497314,1.7141940593719482,1.6816186904907227,1.6346096992492676,1.5588734149932861,1.4602186679840088,1.347008228302002,1.2559951543807983,1.1700692176818848,1.019569993019104,1.0220259428024292
1.125,0.77929550409317017,0.84033370018005371,1.0137268304824829,1.1204937696456909,1.2101585865020752,1.3170720338821411,1.4046123027801514,1.4766277074813843,1.5342479944229126,1.5934864282608032,1.640720009803772,1.6702218055725098,1.7063078880310059,1.7140170335769653,1.7061396837234497,1.6770458221435547,1.6348254680633545,1.573419451713562,1.4250046014785767,1.2888739109039307
1.1499999999999999,0.97012960910797119,0.99174529314041138,1.104642391204834,1.2344619035720825,1.3258496522903442,1.4283277988433838,1.5265220403671265,1.6106672286987305,1.6669851541519165,1.6890468597412109,1.6830930709838867,1.6627904176712036,1.6514729261398315,1.6290318965911865,1.5894597768783569,1.5514273643493652,1.5186855792999268,1.5036059617996216,1.4310336112976074,1.39501953125
1.175,1.1914753913879395,1.1628408432006836,1.2317426204681396,1.3218479156494141,1.3843356370925903,1.4511250257492065,1.5100451707839966,1.5614988803863525,1.5969054698944092,1.6289646625518799,1.6462604999542236,1.6526601314544678,1.651490330696106,1.6450177431106567,1.6255046129226685,1.6101330518722534,1.5856319665908813,1.5955243110656738,1.5485209226608276,1.5466479063034058
1.2,1.3628832101821899,1.1988356113433838,1.2670888900756836,1.3505584001541138,1.4161843061447144,1.4817259311676025,1.5396968126296997,1.5940930843353271,1.6338592767715454,1.667908787727356,1.6873599290847778,1.6867630481719971,1.6795827150344849,1.65575110912323,1.6080881357192993,1.5457719564437866,1.484816312789917,1.4319213628768921,1.3244671821594238,1.2563258409500122
1.2250000000000001,0.99272465705871582,1.0141888856887817,1.1632343530654907,1.2508252859115601,1.3536770343780518,1.4554405212402344,1.5294870138168335,1.6062389612197876,1.6616485118865967,1.6907461881637573,1.716310977935791,1.7138671875,1.7044463157653809,1.662529468536377,1.5932838916778564,1.4865360260009766,1.3785262107849121,1.2681487798690796,1.057626485824585,0.8860851526260376
1.25,1.3215397596359253,1.2412840127944946,1.2934068441390991,1.3597121238708496,1.4473781585693359,1.5262647867202759,1.5708471536636353,1.6062164306640625,1.6445931196212769,1.6719799041748047,1.6902042627334595,1.6891783475875854,1.6814078092575073,1.6418601274490356,1.582084059715271,1.4908299446105957,1.414158821105957,1.3228681087493896,1.1565330028533936,1.0090475082397461
1.2749999999999999,1.3594652414321899,1.2208271026611328,1.2251114845275879,1.2800794839859009,1.3629815578460693,1.4312573671340942,1.4781173467636108,1.5284249782562256,1.5648832321166992,1.5965770483016968,1.6210076808929443,1.6365337371826172,1.6525001525878906,1.6618777513504028,1.6552170515060425,1.6456366777420044,1.6275802850723267,1.6275203227996826,1.5657482147216797,1.5462281703948975
1.3,1.314606785774231,1.1777288913726807,1.2669204473495483,1.3270024061203003,1.3588038682937622,1.433469295501709,1.4997928142547607,1.5679088830947876,1.6260263919830322,1.6725646257400513,1.6983603239059448,1.7080609798431396,1.706037163734436,1.6752938032150269,1.6174029111862183,1.5356975793838501,1.4584319591522217,1.3734362125396729,1.2426096200942993,1.1295366287231445
1.325,1.1655758619308472,1.1909022331237793,1.2694963216781616,1.3311008214950562,1.4065498113632202,1.4644687175750732,1.514887809753418,1.5559778213500977,1.5853691101074219,1.6109447479248047,1.6319597959518433,1.6477645635604858,1.6631207466125488,1.6680688858032227,1.6558346748352051,1.6388098001480103,1.6151286363601685,1.6059645414352417,1.5277121067047119,1.4810596704483032
1.3500000000000001,1.5318471193313599,1.1585152149200439,1.2429994344711304,1.3260009288787842,1.387876033782959,1.4762039184570312,1.5347312688827515,1.60794997215271,1.6632614135742188,1.6990636587142944,1.71112060546875,1.6985745429992676,1.6637792587280273,1.5674362182617188,1.4400875568389893,1.2894655466079712,1.1697063446044922,1.0877526998519897,0.93556296825408936,0.85858649015426636
1.375,1.1199114322662354,1.1911048889160156,1.2915939092636108,1.3544516563415527,1.40616774559021,1.4583675861358643,1.495621919631958,1.5414594411849976,1.5798511505126953,1.6143134832382202,1.6357115507125854,1.653376579284668,1.6693527698516846,1.6714211702346802,1.6644219160079956,1.6428319215774536,1.6198749542236328,1.6009016036987305,1.5134599208831787,1.4357908964157104
1.3999999999999999,1.1886231899261475,1.2047932147979736,1.2283850908279419,1.2915996313095093,1.3806214332580566,1.4525171518325806,1.5006476640701294,1.545458197593689,1.5649577379226685,1.5936450958251953,1.6227558851242065,1.6364901065826416,1.654963493347168,1.6632857322692871,1.6590337753295898,1.6452106237411499,1.6262897253036499,1.6260404586791992,1.5637973546981812,1.5420745611190796
1.425,1.3781071901321411,1.117290735244751,1.1448882818222046,1.2278944253921509,1.3338559865951538,1.4542636871337891,1.5301142930984497,1.6062649488449097,1.6735038757324219,1.7103992700576782,1.7264212369918823,1.7187991142272949,1.6919597387313843,1.626038670539856,1.5093605518341064,1.3442819118499756,1.1944960355758667,1.0264899730682373,0.73916381597518921,0.47808358073234558
1.45,1.1917622089385986,1.1613095998764038,1.2391986846923828,1.3180174827575684,1.3802230358123779,1.4419987201690674,1.4845268726348877,1.5353165864944458,1.5743118524551392,1.6060398817062378,1.6316127777099609,1.6473221778869629,1.6545354127883911,1.6523507833480835,1.6360155344009399,1.6293326616287231,1.6095107793807983,1.6145743131637573,1.5505167245864868,1.5228930711746216
1.4750000000000001,1.249290943145752,1.3254172801971436,1.3758443593978882,1.4116270542144775,1.4545516967773438,1.5026215314865112,1.5432910919189453,1.6008131504058838,1.6361541748046875,1.6628865003585815,1.6809656620025635,1.6865297555923462,1.679845929145813,1.6521296501159668,1.599915623664856,1.523545503616333,1.4519404172897339,1.3804861307144165,1.2400734424591064,1.1137335300445557
1.5,0.0,0.0,0.0,0.0,0.0,0.0,0.0,0.0,0.0,0.47448071837425232,0.7112581729888916,0.92118525505065918,1.1785569190979004,1.2937796115875244,1.4943605661392212,1.674699068069458,1.7996491193771362,1.8512065410614014,1.7470371723175049,1.3947551250457764
1.5249999999999999,0.0,0.0,0.0,0.0,0.0,0.54662299156188965,0.48512288928031921,0.38671618700027466,0.43013733625411987,0.32184937596321106,0.64242446422576904,0.81903666257858276,1.0688140392303467,1.2705845832824707,1.4897260665893555,1.6490833759307861,1.7804629802703857,1.8605653047561646,1.7700988054275513,1.4063855409622192
1.55,0.0,0.0,0.0,0.0,0.21717138588428497,0.23150360584259033,0.43845033645629883,0.55456078052520752,0.71715295314788818,0.7793610692024231,0.84668105840682983,1.030556321144104,1.1213390827178955,1.2490649223327637,1.4386484622955322,1.6232321262359619,1.7668979167938232,1.8584338426589966,1.7954486608505249,1.4956353902816772
1.575,0.0,0.0,0.0,0.0,0.0,0.0,0.27049100399017334,0.45086851716041565,0.64442747831344604,0.86386507749557495,0.89589321613311768,1.0172377824783325,1.1443157196044922,1.2769781351089478,1.4984560012817383,1.6420005559921265,1.7801566123962402,1.8576223850250244,1.755806565284729,1.4069746732711792
1.6000000000000001,0.0,0.0,0.0,0.0,0.0,0.1239759549498558,0.54916954040527344,0.55816912651062012,0.49241849780082703,0.44909617304801941,0.47431370615959167,0.67523211240768433,1.0799437761306763,1.2485735416412354,1.4482673406600952,1.625517725944519,1.7631789445877075,1.8601716756820679,1.7909367084503174,1.4370570182800293
1.625,0.0,0.0,0.0,0.0,0.28324931859970093,0.46815842390060425,0.20237262547016144,0.1239759549498558,0.19649724662303925,0.28324931859970093,0.48664510250091553,0.78117334842681885,0.93229550123214722,1.1478613615036011,1.3822224140167236,1.5801022052764893,1.7397871017456055,1.8617193698883057,1.8140445947647095,1.4452923536300659
1.6499999999999999,0.0,0.0,0.0,0.0,0.0,0.0,0.4064861536026001,0.53466987609863281,0.70489960908889771,0.87601554393768311,0.91652309894561768,0.95751988887786865,1.0999901294708252,1.2668890953063965,1.387046217918396,1.5350679159164429,1.7153955698013306,1.8391788005828857,1.8401261568069458,1.5596638917922974
1.675,0.0,0.0,0.0,0.0,0.67097431421279907,0.82844686508178711,0.80867218971252441,0.84941589832305908,0.82403159141540527,0.94149672985076904,0.96436959505081177,1.0123286247253418,1.1824196577072144,1.4069015979766846,1.6173628568649292,1.7339239120483398,1.8185863494873047,1.8241984844207764,1.6680642366409302,1.3320850133895874
1.7,0.0,0.0,0.0,0.0,0.54707539081573486,1.0727951526641846,0.89734923839569092,0.69941067695617676,0.67981058359146118,0.60497152805328369,0.66478592157363892,0.77482068538665771,0.97373884916305542,1.2394313812255859,1.4757134914398193,1.6737127304077148,1.8082317113876343,1.8563793897628784,1.7305052280426025,1.3690881729125977
1.7250000000000001,0.0,0.0,0.0,0.0,0.0,0.82581949234008789,0.75729167461395264,0.75970035791397095,0.82897734642028809,0.95504194498062134,0.95497459173202515,0.94037896394729614,0.99912089109420776,1.1144331693649292,1.3217340707778931,1.5606374740600586,1.7326902151107788,1.8464809656143188,1.8353382349014282,1.5406991243362427
1.75,0.0,0.0,0.0,0.0,0.0,0.0,0.0,0.0,0.36368644237518311,0.70739227533340454,0.96288090944290161,1.1312061548233032,1.191053032875061,1.3082175254821777,1.4804437160491943,1.6571817398071289,1.7896498441696167,1.8409041166305542,1.7641063928604126,1.4823890924453735
1.7749999999999999,0.0,0.0,0.0,0.0,0.60645735263824463,0.93284857273101807,0.80712038278579712,0.64961624145507812,0.70876967906951904,0.8059050440788269,0.87539172172546387,1.1162681579589844,1.2349952459335327,1.2816798686981201,1.447440505027771,1.6302103996276855,1.785169243812561,1.8555862903594971,1.7452980279922485,1.2978795766830444
1.8,0.0,0.0,0.0,0.0,0.0,0.76259386539459229,0.82622778415679932,0.74759095907211304,0.77997541427612305,0.82475143671035767,0.92945754528045654,0.98196357488632202,1.0951437950134277,1.2219034433364868,1.4043260812759399,1.6008216142654419,1.7756332159042358,1.8702991008758545,1.7540428638458252,1.2902816534042358
1.825,0.0,0.0,0.0,0.0,0.36830037832260132,0.80418431758880615,0.97578442096710205,0.89871978759765625,1.0168454647064209,1.048952579498291,1.0327277183532715,1.0796617269515991,1.1441484689712524,1.2301403284072876,1.3752763271331787,1.5822908878326416,1.7592023611068726,1.8694475889205933,1.7713441848754883,1.3411951065063477
1.8500000000000001,0.0,0.0,0.0,0.0,0.0,0.0,0.0,0.31723541021347046,0.63542270660400391,0.73749351501464844,0.91793906688690186,1.078332781791687,1.1915812492370605,1.2751647233963013,1.3718106746673584,1.5679284334182739,1.7508803606033325,1.8649636507034302,1.7775164842605591,1.4479941129684448
1.875,0.0,0.0,0.0,0.1239759549498558,1.0198202133178711,1.0359324216842651,0.78815692663192749,0.66477769613265991,0.72400569915771484,0.84240347146987915,1.0773792266845703,1.1513102054595947,1.2969402074813843,1.4031703472137451,1.5577818155288696,1.6948765516281128,1.7886258363723755,1.828782320022583,1.7503393888473511,1.4560855627059937
1.8999999999999999,0.0,0.0,0.0,0.72200912237167358,1.2604377269744873,1.3115483522415161,1.1162611246109009,1.0348502397537231,1.1011332273483276,1.1185671091079712,1.1418898105621338,1.1782640218734741,1.2368752956390381,1.3959825038909912,1.5565340518951416,1.6742658615112305,1.7791728973388672,1.8352618217468262,1.7304593324661255,1.4099382162094116
1.925,0.0,0.0,0.0,0.0,0.0,0.0,0.41090387105941772,1.0046682357788086,0.97923958301544189,0.96479147672653198,0.9960591197013855,1.0532987117767334,1.1737949848175049,1.3039783239364624,1.4548367261886597,1.5905919075012207,1.7240386009216309,1.8300567865371704,1.8210062980651855,1.5640195608139038
1.95,0.0,0.0,0.0,0.0,0.78911912441253662,1.188620924949646,0.9912676215171814,0.82666558027267456,0.75262558460235596,0.80360221862792969,0.90469926595687866,0.93382364511489868,1.0471769571304321,1.2411708831787109,1.4442466497421265,1.6141941547393799,1.7550917863845825,1.850117564201355,1.7933958768844604,1.4928185939788818
1.9750000000000001,0.0,0.0,0.0,0.28890681266784668,1.091093897819519,0.89645987749099731,0.87640392780303955,0.95865136384963989,1.0158176422119141,1.0500338077545166,1.0536576509475708,1.0635052919387817,1.1893877983093262,1.3813202381134033,1.5648161172866821,1.6878311634063721,1.8183259963989258,1.8414132595062256,1.611565113067627,1.1560400724411011
2.0,0.96991860866546631,1.109880805015564,1.2953304052352905,1.4371840953826904,1.524003267288208,1.5869491100311279,1.6234602928161621,1.6542835235595703,1.675804615020752,1.682134747505188,1.6808382272720337,1.6649963855743408,1.6473656892776489,1.6087521314620972,1.5533078908920288,1.4841083288192749,1.4158037900924683,1.3634051084518433,1.2535067796707153,1.1702110767364502
2.0249999999999999,0.73525577783584595,0.95129936933517456,1.1711293458938599,1.3166577816009521,1.4343653917312622,1.5304152965545654,1.5886560678482056,1.6371971368789673,1.6635531187057495,1.6876732110977173,1.6993961334228516,1.6932268142700195,1.6778950691223145,1.6464195251464844,1.5906296968460083,1.5200034379959106,1.4519999027252197,1.3903517723083496,1.2628293037414551,1.1438901424407959
2.0499999999999998,0.76717746257781982,0.87748116254806519,1.0617706775665283,1.217286229133606,1.3528354167938232,1.4594274759292603,1.5293682813644409,1.5840431451797485,1.6226956844329834,1.6543705463409424,1.6780295372009277,1.6878488063812256,1.6898579597473145,1.6781413555145264,1.6474927663803101,1.6011360883712769,1.5579729080200195,1.5234911441802979,1.4264878034591675,1.3539861440658569
2.0750000000000002,0.72731328010559082,0.94674193859100342,1.180658221244812,1.3414137363433838,1.4631727933883667,1.5504037141799927,1.6071436405181885,1.6497452259063721,1.6775321960449219,1.6856480836868286,1.6859191656112671,1.6743541955947876,1.6568278074264526,1.6320163011550903,1.5877211093902588,1.5312708616256714,1.4754388332366943,1.4446597099304199,1.3587586879730225,1.3066407442092896
2.1000000000000001,0.98330199718475342,1.1581400632858276,1.2972884178161621,1.3892759084701538,1.4752322435379028,1.5528618097305298,1.5993125438690186,1.6343346834182739,1.6573419570922852,1.6664286851882935,1.6689436435699463,1.6638472080230713,1.6519477367401123,1.6312575340270996,1.596165657043457,1.5504701137542725,1.4943888187408447,1.4564353227615356,1.3786112070083618,1.3211265802383423
2.125,0.77519470453262329,0.92898327112197876,1.1134110689163208,1.2462524175643921,1.3646004199981689,1.4785772562026978,1.5405880212783813,1.6031161546707153,1.6432385444641113,1.671051025390625,1.6837224960327148,1.6876974105834961,1.6860507726669312,1.6719629764556885,1.6373211145401001,1.5842647552490234,1.5295581817626953,1.4938384294509888,1.3863685131072998,1.3213919401168823
2.1499999999999999,0.99201357364654541,1.2110544443130493,1.3849231004714966,1.466458797454834,1.5355862379074097,1.5987462997436523,1.6299964189529419,1.6587262153625488,1.6738669872283936,1.6714063882827759,1.6708118915557861,1.6503366231918335,1.6239854097366333,1.58823561668396,1.5378710031509399,1.4678316116333008,1.3962780237197876,1.3460545539855957,1.2368186712265015,1.172641396522522
2.1749999999999998,0.95222002267837524,1.1386089324951172,1.3028726577758789,1.4211812019348145,1.5069731473922729,1.5840144157409668,1.6198263168334961,1.6477670669555664,1.6633826494216919,1.6663451194763184,1.6657524108886719,1.6588242053985596,1.6448169946670532,1.617972731590271,1.5813851356506348,1.5245610475540161,1.4734792709350586,1.4294469356536865,1.3521934747695923,1.2982467412948608
2.2000000000000002,0.66649824380874634,0.77582657337188721,0.94838625192642212,1.1124094724655151,1.2758442163467407,1.3904457092285156,1.4970030784606934,1.5711301565170288,1.6173278093338013,1.654516339302063,1.6723537445068359,1.6783638000488281,1.6806604862213135,1.6710422039031982,1.6530506610870361,1.6225839853286743,1.5863432884216309,1.5654783248901367,1.4806201457977295,1.4336575269699097
2.2250000000000001,0.97096449136734009,1.1062756776809692,1.2891305685043335,1.404070258140564,1.4919660091400146,1.5667023658752441,1.6015421152114868,1.6412532329559326,1.6634693145751953,1.6713521480560303,1.6805934906005859,1.6708016395568848,1.6534509658813477,1.6290148496627808,1.5838017463684082,1.5309642553329468,1.4737077951431274,1.4336456060409546,1.3373721837997437,1.2634236812591553
2.25,0.95225399732589722,1.1957141160964966,1.3981876373291016,1.5100110769271851,1.586106538772583,1.6438312530517578,1.6718007326126099,1.6882240772247314,1.7003719806671143,1.6857750415802002,1.6659284830093384,1.6256687641143799,1.5681506395339966,1.5022317171096802,1.4323288202285767,1.333125114440918,1.2512809038162231,1.1830811500549316,1.0696913003921509,0.95837044715881348
2.2749999999999999,0.76811873912811279,0.89958935976028442,1.0768043994903564,1.2049332857131958,1.328558087348938,1.4498211145401001,1.5332155227661133,1.5992772579193115,1.6409832239151001,1.6743619441986084,1.6923991441726685,1.6898436546325684,1.6929601430892944,1.6729351282119751,1.6303017139434814,1.5798330307006836,1.5200960636138916,1.4760417938232422,1.3566486835479736,1.255854606628418
2.2999999999999998,0.84919005632400513,1.1260223388671875,1.310206413269043,1.4552555084228516,1.5597999095916748,1.6347261667251587,1.6705752611160278,1.7091039419174194,1.7275680303573608,1.7174984216690063,1.6873010396957397,1.6201891899108887,1.5407243967056274,1.4467273950576782,1.3246932029724121,1.1918023824691772,1.068006157875061,0.95700651407241821,0.77526611089706421,0.54593884944915771
2.3250000000000002,0.87207835912704468,1.0969849824905396,1.2647652626037598,1.3902103900909424,1.4957617521286011,1.5720999240875244,1.6249743700027466,1.6653013229370117,1.6902979612350464,1.705845832824707,1.7112511396408081,1.6918059587478638,1.6508488655090332,1.588858962059021,1.4981276988983154,1.3865875005722046,1.2955034971237183,1.1946514844894409,0.99877047538757324,0.81582492589950562
2.3500000000000001,0.0,0.56137335300445557,0.99567127227783203,1.3094127178192139,1.5064630508422852,1.6315890550613403,1.6924083232879639,1.7439780235290527,1.7700273990631104,1.7343897819519043,1.6591488122940063,1.5146216154098511,1.3523843288421631,1.1533603668212891,0.91341978311538696,0.64357852935791016,0.49557629227638245,0.30166509747505188,0.0,0.0
2.375,0.0,0.58884161710739136,0.85046100616455078,1.1216014623641968,1.3271799087524414,1.4843372106552124,1.5869742631912231,1.6670240163803101,1.7204397916793823,1.7522262334823608,1.752589225769043,1.6986408233642578,1.6118179559707642,1.4846327304840088,1.322306752204895,1.1376975774765015,0.94767302274703979,0.73298949003219604,0.47745689749717712,0.1733146607875824
2.3999999999999999,0.57228517532348633,1.026608943939209,1.3011629581451416,1.4736567735671997,1.5802738666534424,1.6652873754501343,1.706575870513916,1.7274086475372314,1.7384165525436401,1.7015806436538696,1.6452679634094238,1.5310533046722412,1.3760522603988647,1.2093203067779541,1.0064013004302979,0.8080374002456665,0.58677273988723755,0.39446696639060974,0.24795190989971161,0.0
2.4249999999999998,0.70193785429000854,0.90087723731994629,1.2113656997680664,1.3878614902496338,1.5211447477340698,1.6218754053115845,1.6653515100479126,1.7058829069137573,1.7252227067947388,1.7208157777786255,1.7025506496429443,1.6448574066162109,1.5622938871383667,1.4496372938156128,1.3199520111083984,1.1729062795639038,1.0287277698516846,0.86663126945495605,0.63901132345199585,0.49773398041725159
2.4500000000000002,0.0,0.22555519640445709,0.93541467189788818,1.2724372148513794,1.4708200693130493,1.6116757392883301,1.6895449161529541,1.7475477457046509,1.7744208574295044,1.7276636362075806,1.6592633724212646,1.5361757278442383,1.3941835165023804,1.2299714088439941,1.0501785278320312,0.86559778451919556,0.71064680814743042,0.47808358073234558,0.0,0.0
2.4750000000000001,0.42564105987548828,0.6732061505317688,1.0537675619125366,1.2366448640823364,1.3894826173782349,1.5190442800521851,1.6094374656677246,1.680514931678772,1.7314482927322388,1.7508517503738403,1.7479357719421387,1.6850013732910156,1.5867890119552612,1.4474526643753052,1.2928669452667236,1.1001719236373901,0.93362295627593994,0.74955636262893677,0.4553113579750061,0.22555519640445709
2.5,0.0,0.0,0.0,0.0,0.0,0.0,0.0,0.0,0.0,0.43939509987831116,0.81622940301895142,1.2133824825286865,1.5102516412734985,1.6971709728240967,1.7483881711959839,1.7454549074172974,1.7305562496185303,1.6912857294082642,1.5401167869567871,1.2130876779556274
2.5249999999999999,0.0,0.0,0.0,0.0,0.0,0.0,0.0,0.26651009917259216,0.36288917064666748,0.63447082042694092,0.99126458168029785,1.2897521257400513,1.5664267539978027,1.7015217542648315,1.7321536540985107,1.7295942306518555,1.7273708581924438,1.6932151317596436,1.564152717590332,1.2283622026443481
2.5499999999999998,0.0,0.0,0.0,0.0,0.0,0.0,0.0,0.0,0.0,0.0,0.30447712540626526,0.87047535181045532,1.3135647773742676,1.6007100343704224,1.7108993530273438,1.7468103170394897,1.7623471021652222,1.7384847402572632,1.624259352684021,1.3543614149093628
2.5750000000000002,0.0,0.0,0.0,0.0,0.0,0.0,0.0,0.0,0.0,0.084345079958438873,0.7938733696937561,1.2237664461135864,1.5056232213973999,1.6778786182403564,1.7293910980224609,1.7216916084289551,1.7238368988037109,1.7022767066955566,1.6178423166275024,1.382344126701355
2.6000000000000001,0.0,0.0,0.0,0.0,0.0,0.0,0.0,0.0,0.31796476244926453,1.0698052644729614,1.3179711103439331,1.5317254066467285,1.6972129344940186,1.7370895147323608,1.714337944984436,1.6908321380615234,1.6789551973342896,1.637509822845459,1.5126669406890869,1.139581561088562
2.625,0.0,0.0,0.0,0.0,0.0,0.0,0.0,0.0,0.0,0.0,0.88856494426727295,1.3209309577941895,1.6048529148101807,1.7233899831771851,1.7473551034927368,1.7327218055725098,1.7101912498474121,1.6595306396484375,1.5506167411804199,1.2638493776321411
2.6499999999999999,0.0,0.0,0.0,0.0,0.0,0.0,0.0,0.0,0.0,0.31670331954956055,0.89503759145736694,1.3098292350769043,1.5911110639572144,1.7280673980712891,1.729012131690979,1.7179352045059204,1.7159194946289062,1.6865218877792358,1.5684792995452881,1.2734444141387939
2.6749999999999998,0.0,0.0,0.0,0.0,0.0,0.0,0.0,0.0,0.42558160424232483,0.80969387292861938,1.1247142553329468,1.465083122253418,1.6499277353286743,1.7341711521148682,1.7326529026031494,1.7117699384689331,1.6857155561447144,1.6526421308517456,1.5612872838973999,1.2767337560653687
2.7000000000000002,0.0,0.0,0.0,0.0,0.0,0.0,0.0,0.0,0.44788923859596252,0.84994912147521973,1.0902761220932007,1.4380617141723633,1.6452138423919678,1.716832160949707,1.717013955116272,1.7116333246231079,1.7017254829406738,1.6596124172210693,1.5382239818572998,1.2431186437606812
2.7250000000000001,0.0,0.0,0.0,0.0,0.0,0.0,0.0,0.0,0.54059129953384399,0.95434314012527466,1.2742152214050293,1.5084294080734253,1.6638922691345215,1.7130645513534546,1.7114284038543701,1.6977423429489136,1.6960587501525879,1.6679667234420776,1.5241948366165161,1.1735447645187378
2.75,0.0,0.0,0.0,0.0,0.0,0.0,0.0,0.0,0.0,0.43599230051040649,0.79463422298431396,1.2146871089935303,1.5309399366378784,1.6647548675537109,1.7139691114425659,1.7321295738220215,1.7389059066772461,1.7147868871688843,1.5861176252365112,1.2318750619888306
2.7749999999999999,0.0,0.0,0.0,0.0,0.0,0.0,0.0,0.34731373190879822,0.45653778314590454,0.53153532743453979,0.50177937746047974,0.88500547409057617,1.3573192358016968,1.6394128799438477,1.7275223731994629,1.7440944910049438,1.7538183927536011,1.719240665435791,1.6016677618026733,1.2996845245361328
2.7999999999999998,0.0,0.0,0.0,0.0,0.0,0.0,0.0,0.0,0.0,0.65256220102310181,1.1697224378585815,1.4856717586517334,1.6491274833679199,1.7106798887252808,1.6990237236022949,1.700171947479248,1.6959534883499146,1.6718792915344238,1.6062990427017212,1.4330873489379883
2.8250000000000002,0.0,0.0,0.0,0.0,0.0,0.0,0.0,0.0,0.0,0.66456723213195801,1.0351340770721436,1.3611099720001221,1.5547932386398315,1.6875723600387573,1.7319031953811646,1.7220349311828613,1.7109023332595825,1.6923795938491821,1.6344431638717651,1.4458624124526978
2.8500000000000001,0.0,0.0,0.0,0.0,0.0,0.0,0.0,0.0,0.0,0.0,0.46929609775543213,1.051921010017395,1.4390841722488403,1.6432225704193115,1.7216634750366211,1.7383809089660645,1.7365448474884033,1.7173687219619751,1.6574221849441528,1.4965947866439819
2.875,0.0,0.0,0.0,0.0,0.0,0.0,0.0,0.0,0.0,0.0,0.41961702704429626,1.0520529747009277,1.4218432903289795,1.6512413024902344,1.7337676286697388,1.7234048843383789,1.7193329334259033,1.7089264392852783,1.6673272848129272,1.5349181890487671
2.8999999999999999,0.0,0.0,0.0,0.0,0.0,0.0,0.0,0.0,0.17965656518936157,0.76004207134246826,1.2402877807617188,1.5441076755523682,1.7132800817489624,1.7414355278015137,1.7130906581878662,1.6916118860244751,1.6776068210601807,1.639728307723999,1.5301854610443115,1.2634720802307129
2.9249999999999998,0.0,0.0,0.0,0.0,0.0,0.0,0.18811342120170593,0.53696024417877197,0.79328280687332153,1.0946736335754395,1.4136441946029663,1.6145980358123779,1.730570912361145,1.7272647619247437,1.6851098537445068,1.6713389158248901,1.6648887395858765,1.6274807453155518,1.542995810508728,1.3110291957855225
2.9500000000000002,0.0,0.0,0.0,0.0,0.0,0.0,0.0,0.0,0.0,0.84642362594604492,1.2157188653945923,1.4741214513778687,1.6657192707061768,1.726812481880188,1.7274020910263062,1.7115845680236816,1.6970367431640625,1.6509673595428467,1.5596814155578613,1.3260588645935059
2.9750000000000001,0.0,0.0,0.0,0.0,0.0,0.0,0.0,0.0,0.26400163769721985,0.80600666999816895,1.1340867280960083,1.3826380968093872,1.581483006477356,1.7266862392425537,1.7433928251266479,1.7264806032180786,1.709947943687439,1.6757498979568481,1.5993142127990723,1.3658599853515625
3.0,1.4604867696762085,1.452965259552002,1.4638875722885132,1.4926900863647461,1.5163897275924683,1.5369137525558472,1.5531420707702637,1.5687304735183716,1.5824136734008789,1.5902583599090576,1.6014572381973267,1.6070598363876343,1.6106040477752686,1.6164007186889648,1.6078381538391113,1.6078122854232788,1.5913487672805786,1.5677893161773682,1.5005378723144531,1.4642730951309204
3.0249999999999999,1.3569644689559937,1.4556072950363159,1.5115368366241455,1.5415955781936646,1.5677618980407715,1.5964049100875854,1.6124411821365356,1.6303476095199585,1.6515594720840454,1.6637240648269653,1.6638635396957397,1.6434646844863892,1.6067324876785278,1.5441635847091675,1.4381829500198364,1.3242596387863159,1.2036556005477905,1.090514063835144,0.9414028525352478,0.83510124683380127
3.0499999999999998,1.4430502653121948,1.4210152626037598,1.4421563148498535,1.465609073638916,1.4990100860595703,1.5363911390304565,1.5505086183547974,1.5655388832092285,1.5823664665222168,1.595048189163208,1.6124081611633301,1.6281869411468506,1.6395218372344971,1.6364986896514893,1.62165367603302,1.5960756540298462,1.5566138029098511,1.520072340965271,1.4166194200515747,1.3649944067001343
3.0750000000000002,1.4453434944152832,1.4432090520858765,1.4571038484573364,1.4758063554763794,1.4923244714736938,1.5240540504455566,1.5396555662155151,1.5614414215087891,1.5843461751937866,1.6090061664581299,1.6186660528182983,1.6315337419509888,1.6371538639068604,1.6287256479263306,1.6049513816833496,1.5840823650360107,1.5594756603240967,1.5200397968292236,1.4356535673141479,1.3897095918655396
3.1000000000000001,1.3320636749267578,1.3971619606018066,1.4184446334838867,1.4471621513366699,1.4867408275604248,1.5283830165863037,1.5604747533798218,1.581753134727478,1.6083739995956421,1.6266952753067017,1.643717885017395,1.6568896770477295,1.6590930223464966,1.6481468677520752,1.6214907169342041,1.5907702445983887,1.5503696203231812,1.4984480142593384,1.3974908590316772,1.325042724609375
3.125,1.4709808826446533,1.4795823097229004,1.461799144744873,1.4854626655578613,1.4970872402191162,1.5197325944900513,1.5411978960037231,1.5584628582000732,1.5824620723724365,1.5971673727035522,1.6058717966079712,1.6143798828125,1.6308399438858032,1.6317112445831299,1.6230819225311279,1.6125485897064209,1.5940167903900146,1.5609943866729736,1.4820964336395264,1.4378526210784912
3.1499999999999999,1.3083139657974243,1.4234069585800171,1.4392900466918945,1.475055456161499,1.5173493623733521,1.5574795007705688,1.591985821723938,1.6184929609298706,1.6457979679107666,1.6645674705505371,1.6747169494628906,1.6719846725463867,1.6577886343002319,1.6174052953720093,1.5287681818008423,1.4206794500350952,1.2928342819213867,1.1668554544448853,1.0147318840026855,0.86043041944503784
3.1749999999999998,1.4584307670593262,1.4439940452575684,1.4678806066513062,1.5063570737838745,1.5528601408004761,1.5953725576400757,1.6253604888916016,1.6475571393966675,1.6640855073928833,1.6765015125274658,1.6783171892166138,1.6479215621948242,1.5988876819610596,1.5109646320343018,1.4057992696762085,1.299662709236145,1.2067114114761353,1.0910077095031738,0.929432213306427,0.72060239315032959
3.2000000000000002,1.5441476106643677,1.4957410097122192,1.4830108880996704,1.5035563707351685,1.5207781791687012,1.5403759479522705,1.5567986965179443,1.5760729312896729,1.5954409837722778,1.6056945323944092,1.6150574684143066,1.6208854913711548,1.6172497272491455,1.6061934232711792,1.5781587362289429,1.5542764663696289,1.5275936126708984,1.4981707334518433,1.4412285089492798,1.4359124898910522
3.2250000000000001,1.4058870077133179,1.4701437950134277,1.451447606086731,1.4732648134231567,1.4990184307098389,1.5303981304168701,1.5582307577133179,1.5705878734588623,1.5853303670883179,1.599401593208313,1.6126996278762817,1.6257055997848511,1.6312888860702515,1.6287388801574707,1.612434983253479,1.5972602367401123,1.5722522735595703,1.5540567636489868,1.4803168773651123,1.4470367431640625
3.25,1.4514135122299194,1.4437917470932007,1.4597820043563843,1.4747443199157715,1.5018043518066406,1.525869607925415,1.5477055311203003,1.5667873620986938,1.5928905010223389,1.6198718547821045,1.6356124877929688,1.6471351385116577,1.6522771120071411,1.644248366355896,1.6091015338897705,1.5644268989562988,1.5155661106109619,1.4364746809005737,1.3221194744110107,1.2084876298904419
3.2749999999999999,1.4376184940338135,1.4733531475067139,1.4583911895751953,1.4777761697769165,1.4988571405410767,1.5268933773040771,1.5572439432144165,1.5787273645401001,1.6058634519577026,1.6279202699661255,1.6431994438171387,1.6574112176895142,1.6625015735626221,1.6501091718673706,1.5977127552032471,1.5275108814239502,1.4463465213775635,1.3447550535202026,1.1934230327606201,1.0699983835220337
3.2999999999999998,1.4572591781616211,1.4598696231842041,1.4749045372009277,1.5107090473175049,1.5564588308334351,1.5798008441925049,1.6146361827850342,1.6270781755447388,1.641461968421936,1.6527136564254761,1.6561160087585449,1.6435564756393433,1.6172324419021606,1.5620089769363403,1.4862896203994751,1.4149603843688965,1.3380308151245117,1.2555063962936401,1.1118131875991821,0.99968200922012329
3.3250000000000002,1.5156848430633545,1.538058876991272,1.5601223707199097,1.5812792778015137,1.6115038394927979,1.6317124366760254,1.6468530893325806,1.6573559045791626,1.6604683399200439,1.6431251764297485,1.6190773248672485,1.5881730318069458,1.5499039888381958,1.5052289962768555,1.4400118589401245,1.3692207336425781,1.3025835752487183,1.2170431613922119,1.082410454750061,0.99498522281646729
3.3500000000000001,1.461749792098999,1.4792135953903198,1.4953268766403198,1.5157244205474854,1.547265887260437,1.5767209529876709,1.6054496765136719,1.6186544895172119,1.6395841836929321,1.6576367616653442,1.6590589284896851,1.643352746963501,1.6176306009292603,1.5770856142044067,1.5208530426025391,1.4597692489624023,1.3954881429672241,1.3136800527572632,1.1726198196411133,1.0535017251968384
3.375,1.3446187973022461,1.3759332895278931,1.4047611951828003,1.440524697303772,1.4776183366775513,1.5092394351959229,1.5370937585830688,1.5660970211029053,1.588397741317749,1.6082510948181152,1.6256684064865112,1.6366798877716064,1.6468724012374878,1.6473779678344727,1.6275637149810791,1.6019474267959595,1.5688719749450684,1.5325263738632202,1.4348951578140259,1.3535597324371338
3.3999999999999999,1.4372940063476562,1.4675129652023315,1.4840133190155029,1.5154248476028442,1.5464584827423096,1.5830080509185791,1.6150894165039062,1.6439777612686157,1.6656531095504761,1.671815037727356,1.671625018119812,1.6475721597671509,1.600360631942749,1.523617148399353,1.428221583366394,1.33687424659729,1.2352160215377808,1.1286181211471558,0.97510784864425659,0.86907494068145752
3.4249999999999998,1.4351128339767456,1.4119101762771606,1.4428378343582153,1.4743236303329468,1.5034308433532715,1.534040093421936,1.5595667362213135,1.5772858858108521,1.6006714105606079,1.6184511184692383,1.6363558769226074,1.6416828632354736,1.6528164148330688,1.6450538635253906,1.6123131513595581,1.572059154510498,1.5211881399154663,1.4675583839416504,1.3567553758621216,1.2897753715515137
3.4500000000000002,1.3706927299499512,1.4461901187896729,1.4652771949768066,1.4996902942657471,1.5340070724487305,1.5738728046417236,1.609428882598877,1.6411323547363281,1.6765793561935425,1.697662353515625,1.6949367523193359,1.6657915115356445,1.6071580648422241,1.5282096862792969,1.4253122806549072,1.3230069875717163,1.2293028831481934,1.1323747634887695,0.97170519828796387,0.86629199981689453
3.4750000000000001,1.2871149778366089,1.392546534538269,1.4110287427902222,1.4506510496139526,1.4843207597732544,1.5269547700881958,1.562346339225769,1.5964500904083252,1.6324096918106079,1.6567360162734985,1.6820905208587646,1.690288782119751,1.6865303516387939,1.6538381576538086,1.5815510749816895,1.5002846717834473,1.4033833742141724,1.2850137948989868,1.1477285623550415,0.9966471791267395
3.5,0.0,0.0,0.0,0.0,0.0,0.41486996412277222,0.89755040407180786,1.1515648365020752,1.3360917568206787,1.4697891473770142,1.5628165006637573,1.6063578128814697,1.6536005735397339,1.6888765096664429,1.7161891460418701,1.7228996753692627,1.6659709215164185,1.5642129182815552,1.4103783369064331,1.0360921621322632
3.5249999999999999,0.0,0.0,0.0,0.40120124816894531,0.85848718881607056,1.080851674079895,1.2149133682250977,1.3151528835296631,1.4048397541046143,1.5052056312561035,1.5717339515686035,1.6129443645477295,1.6431934833526611,1.6740087270736694,1.7029751539230347,1.7125147581100464,1.6772885322570801,1.5971910953521729,1.4612671136856079,1.1217682361602783
3.5499999999999998,0.0,0.55802935361862183,1.1700989007949829,0.96234840154647827,0.99191915988922119,1.1783006191253662,1.2939965724945068,1.3954950571060181,1.5075187683105469,1.5617690086364746,1.5964019298553467,1.6070172786712646,1.6197922229766846,1.6434531211853027,1.66070556640625,1.6784272193908691,1.6766554117202759,1.6155681610107422,1.4833272695541382,1.0961843729019165
3.5750000000000002,0.0,0.0,0.0,0.55640226602554321,1.1533380746841431,1.173783540725708,1.31022047996521,1.3974819183349609,1.474679708480835,1.514721155166626,1.5716944932937622,1.6120225191116333,1.6500066518783569,1.7022221088409424,1.7230159044265747,1.697263240814209,1.6110624074935913,1.4852430820465088,1.2682969570159912,0.58582627773284912
3.6000000000000001,0.0,0.0,0.0,0.45606493949890137,0.89551627635955811,1.154450535774231,1.3330273628234863,1.446047306060791,1.5078843832015991,1.5776840448379517,1.6416431665420532,1.6899682283401489,1.7167794704437256,1.7091373205184937,1.6855028867721558,1.6321729421615601,1.5071172714233398,1.3478777408599854,1.0864379405975342,0.58422654867172241
3.625,0.0,0.1239759549498558,0.62738782167434692,0.91257232427597046,1.0938348770141602,1.2009125947952271,1.3051177263259888,1.4474537372589111,1.5351506471633911,1.5985757112503052,1.6302833557128906,1.6597602367401123,1.6865558624267578,1.7056291103363037,1.6880464553833008,1.6425374746322632,1.5855520963668823,1.4984307289123535,1.3042495250701904,1.0292340517044067
3.6499999999999999,0.0,0.0,0.19649724662303925,0.60370820760726929,0.85888892412185669,1.0483179092407227,1.2218732833862305,1.3695821762084961,1.4857873916625977,1.5655531883239746,1.6082839965820312,1.6414445638656616,1.6848665475845337,1.6944905519485474,1.6874154806137085,1.6737784147262573,1.6505388021469116,1.5546237230300903,1.3702781200408936,1.0269694328308105
3.6749999999999998,0.0,0.0,0.0,0.0,0.40133294463157654,0.90082532167434692,1.2282321453094482,1.3786780834197998,1.4091354608535767,1.4930189847946167,1.5855604410171509,1.6188722848892212,1.6372604370117188,1.6447868347167969,1.6597580909729004,1.6834218502044678,1.6898791790008545,1.643363356590271,1.5252209901809692,1.2398979663848877
3.7000000000000002,0.0,0.0,0.0,0.0,0.68411290645599365,0.95770257711410522,1.1785647869110107,1.322515606880188,1.4373329877853394,1.5476419925689697,1.6104882955551147,1.6427905559539795,1.6982773542404175,1.7323431968688965,1.7200602293014526,1.6631731986999512,1.5842491388320923,1.4783844947814941,1.3368158340454102,0.97143745422363281
3.7250000000000001,0.0,0.0,0.0,0.0,0.30447712540626526,0.83610856533050537,1.1902912855148315,1.4383196830749512,1.5318509340286255,1.5755903720855713,1.6059234142303467,1.6644514799118042,1.7000653743743896,1.7197592258453369,1.6967902183532715,1.6312757730484009,1.5424870252609253,1.3914549350738525,1.1492736339569092,0.0
3.75,0.0,0.0,0.0,0.0,0.0,0.60084319114685059,0.97923767566680908,1.187818169593811,1.3157200813293457,1.4468867778778076,1.5435948371887207,1.5976815223693848,1.672399640083313,1.7388179302215576,1.7458555698394775,1.6914399862289429,1.6039108037948608,1.495724081993103,1.3029904365539551,0.91619950532913208
3.7749999999999999,0.0,0.0,0.0,0.0,0.0,0.3712729811668396,0.72866851091384888,1.013623833656311,1.2724241018295288,1.4039566516876221,1.5357420444488525,1.5933712720870972,1.6236698627471924,1.6697168350219727,1.7140392065048218,1.7362937927246094,1.7052208185195923,1.6048675775527954,1.4311476945877075,1.0552353858947754
3.7999999999999998,0.0,0.0,0.0,0.16493085026741028,0.87977105379104614,1.0017294883728027,1.0367105007171631,1.1150527000427246,1.284568190574646,1.427098274230957,1.510362982749939,1.5376152992248535,1.5944614410400391,1.6390811204910278,1.694517970085144,1.7324589490890503,1.7181527614593506,1.6519646644592285,1.5278246402740479,1.2645939588546753
3.8250000000000002,0.0,0.0,0.0,0.1239759549498558,0.67651671171188354,0.94227230548858643,1.0882804393768311,1.2553489208221436,1.4015053510665894,1.5154051780700684,1.5781207084655762,1.6285281181335449,1.6913690567016602,1.747779369354248,1.7476511001586914,1.6853866577148438,1.5515434741973877,1.3763278722763062,1.0188751220703125,0.0
3.8500000000000001,0.0,0.0,1.2041254043579102,1.1824965476989746,1.1912413835525513,1.2008949518203735,1.2584166526794434,1.320881724357605,1.3952926397323608,1.4890141487121582,1.5511586666107178,1.5920093059539795,1.6374962329864502,1.6960402727127075,1.7386091947555542,1.7348634004592896,1.65233314037323,1.4468135833740234,1.1448870897293091,0.67596715688705444
3.875,0.0,0.0,0.0,0.1239759549498558,0.61163836717605591,0.87902408838272095,1.121964693069458,1.269667387008667,1.362092137336731,1.4627300500869751,1.5399907827377319,1.5910629034042358,1.6300394535064697,1.6583623886108398,1.6849310398101807,1.7094372510910034,1.7126107215881348,1.6546655893325806,1.5229692459106445,1.2087026834487915
3.8999999999999999,0.0,0.0,0.0,0.67761856317520142,1.0131536722183228,1.126253604888916,1.1707631349563599,1.2557123899459839,1.3220713138580322,1.4369444847106934,1.5384618043899536,1.5912531614303589,1.643293023109436,1.709563136100769,1.7505743503570557,1.742316722869873,1.6701765060424805,1.5185654163360596,1.2926789522171021,0.87451285123825073
3.9249999999999998,0.0,0.0,0.16493085026741028,0.90820735692977905,1.1516295671463013,1.2632478475570679,1.3410108089447021,1.4024931192398071,1.4748688936233521,1.5460432767868042,1.6008052825927734,1.64580237865448,1.6945956945419312,1.7212519645690918,1.6999399662017822,1.6470556259155273,1.5789846181869507,1.4488317966461182,1.2541019916534424,0.70676600933074951
3.9500000000000002,0.0,0.0,0.0,0.1239759549498558,0.60889273881912231,0.97960549592971802,1.1909651756286621,1.3129090070724487,1.41204833984375,1.5139040946960449,1.5968755483627319,1.6689267158508301,1.7415266036987305,1.759860634803772,1.7181107997894287,1.6194785833358765,1.4446465969085693,1.1763972043991089,0.71454787254333496,0.0
3.9750000000000001,0.0,0.0,0.19649724662303925,0.5353473424911499,0.77446508407592773,0.99361848831176758,1.1150600910186768,1.2963476181030273,1.3933415412902832,1.4981321096420288,1.5764690637588501,1.6337070465087891,1.6858247518539429,1.7285085916519165,1.740136981010437,1.6908116340637207,1.5946992635726929,1.4599494934082031,1.2836521863937378,0.8729514479637146
4.0,0.50996279716491699,0.75479137897491455,0.98804652690887451,1.1846649646759033,1.3085678815841675,1.4186985492706299,1.5012025833129883,1.5779068470001221,1.6267485618591309,1.6514370441436768,1.6656118631362915,1.6724435091018677,1.6733365058898926,1.6648803949356079,1.6401443481445312,1.6142675876617432,1.5754259824752808,1.5569074153900146,1.5001581907272339,1.489124059677124
4.0250000000000004,0.78481268882751465,0.94166719913482666,1.1056362390518188,1.2728732824325562,1.3946834802627563,1.4894216060638428,1.5629632472991943,1.6136138439178467,1.6498827934265137,1.6616044044494629,1.6680283546447754,1.6649730205535889,1.6564137935638428,1.6443911790847778,1.6212197542190552,1.5887613296508789,1.551469087600708,1.5336518287658691,1.4911971092224121,1.4863921403884888
4.0499999999999998,0.85991710424423218,0.97653853893280029,1.1371668577194214,1.2654221057891846,1.3827283382415771,1.479584813117981,1.5392135381698608,1.5969291925430298,1.62810218334198,1.65198814868927,1.6621521711349487,1.6623079776763916,1.662269115447998,1.6557530164718628,1.6361689567565918,1.6058768033981323,1.5735958814620972,1.5604301691055298,1.5102022886276245,1.5079072713851929
4.0750000000000002,0.7397504448890686,0.88311523199081421,1.1273699998855591,1.2356704473495483,1.3506182432174683,1.4521013498306274,1.5166172981262207,1.5790194272994995,1.6206023693084717,1.649506688117981,1.6612720489501953,1.6610537767410278,1.6646897792816162,1.6577574014663696,1.6386314630508423,1.6113636493682861,1.5768954753875732,1.5627875328063965,1.5081342458724976,1.4885549545288086
4.0999999999999996,0.53563207387924194,0.79957479238510132,1.0238182544708252,1.2122193574905396,1.35271155834198,1.4736037254333496,1.5438358783721924,1.5977383852005005,1.6477214097976685,1.6651774644851685,1.6735320091247559,1.6696116924285889,1.6653892993927002,1.6536107063293457,1.6255160570144653,1.5891696214675903,1.553584098815918,1.5262055397033691,1.4778903722763062,1.4642561674118042
4.125,0.32047319412231445,0.69055986404418945,0.93179905414581299,1.1517676115036011,1.3278435468673706,1.4592435359954834,1.5352933406829834,1.6007760763168335,1.6471688747406006,1.6636289358139038,1.6754413843154907,1.6767145395278931,1.67249596118927,1.6562323570251465,1.625035285949707,1.5910497903823853,1.5511792898178101,1.5272083282470703,1.4735434055328369,1.4532221555709839
4.1500000000000004,0.91787570714950562,1.0475673675537109,1.1999951601028442,1.3119692802429199,1.42078697681427,1.5067936182022095,1.5560659170150757,1.5876322984695435,1.6155455112457275,1.6385096311569214,1.6468899250030518,1.6503511667251587,1.6504292488098145,1.640870213508606,1.6255558729171753,1.6052505970001221,1.5741925239562988,1.5610467195510864,1.5194931030273438,1.5122294425964355
4.1749999999999998,0.72646182775497437,0.86773908138275146,1.1063984632492065,1.3033186197280884,1.4251406192779541,1.5169639587402344,1.5599559545516968,1.6084029674530029,1.6412806510925293,1.6593992710113525,1.6683069467544556,1.6714341640472412,1.6681545972824097,1.6505118608474731,1.6142640113830566,1.5799251794815063,1.5373667478561401,1.5163307189941406,1.4572575092315674,1.4362200498580933
4.2000000000000002,0.86582285165786743,1.0342774391174316,1.2424567937850952,1.3444154262542725,1.4489047527313232,1.5221153497695923,1.572196364402771,1.6200716495513916,1.6515462398529053,1.6625181436538696,1.6666077375411987,1.6609112024307251,1.6513103246688843,1.6336596012115479,1.6005239486694336,1.5590757131576538,1.5180759429931641,1.4991269111633301,1.4306259155273438,1.4138966798782349
4.2249999999999996,0.79211872816085815,0.92236363887786865,1.1323553323745728,1.3249474763870239,1.4241842031478882,1.5006618499755859,1.5561739206314087,1.611096978187561,1.6419171094894409,1.6592903137207031,1.6681368350982666,1.6665339469909668,1.6641666889190674,1.6435842514038086,1.6149734258651733,1.5706350803375244,1.5332708358764648,1.5075690746307373,1.449115514755249,1.4187006950378418
4.25,0.69275003671646118,0.86885559558868408,1.0639314651489258,1.2356331348419189,1.3937641382217407,1.5018664598464966,1.5779308080673218,1.636196494102478,1.6665925979614258,1.6815142631530762,1.6827318668365479,1.6674395799636841,1.6506266593933105,1.6313014030456543,1.6004292964935303,1.5611574649810791,1.5263105630874634,1.5139023065567017,1.4588435888290405,1.4581338167190552
4.2750000000000004,0.59008419513702393,0.85944974422454834,1.08522629737854,1.225817084312439,1.3563035726547241,1.4886833429336548,1.5758291482925415,1.6386783123016357,1.672593355178833,1.6861310005187988,1.6893759965896606,1.6759324073791504,1.6589990854263306,1.6360852718353271,1.5952348709106445,1.5518437623977661,1.5083447694778442,1.4818345308303833,1.4191746711730957,1.4031293392181396
4.2999999999999998,0.85963785648345947,1.0064955949783325,1.1841479539871216,1.3188951015472412,1.4278515577316284,1.5250972509384155,1.575265645980835,1.6178203821182251,1.6363862752914429,1.6563869714736938,1.657514214515686,1.6620712280273438,1.656927227973938,1.6464189291000366,1.6181001663208008,1.5882760286331177,1.5493910312652588,1.5409977436065674,1.4905701875686646,1.4937766790390015
4.3250000000000002,0.69100552797317505,0.86741262674331665,1.0874736309051514,1.2619907855987549,1.3980263471603394,1.514606237411499,1.5874351263046265,1.6461728811264038,1.6742544174194336,1.6804957389831543,1.6770956516265869,1.6629366874694824,1.6514309644699097,1.6305526494979858,1.5971044301986694,1.5562223196029663,1.5167651176452637,1.4968945980072021,1.4492052793502808,1.4500197172164917
4.3499999999999996,0.63207250833511353,0.76269471645355225,0.98894059658050537,1.2010954618453979,1.3563168048858643,1.4804768562316895,1.5584338903427124,1.6140505075454712,1.6484822034835815,1.6655135154724121,1.6705175638198853,1.6687972545623779,1.6654636859893799,1.654091477394104,1.622789740562439,1.5900082588195801,1.5541245937347412,1.5427314043045044,1.4837032556533813,1.4781728982925415
4.375,0.68573898077011108,0.86782127618789673,1.0744204521179199,1.2400553226470947,1.3767867088317871,1.4994498491287231,1.5727394819259644,1.6293321847915649,1.6638576984405518,1.6812915802001953,1.6826485395431519,1.6736660003662109,1.6613996028900146,1.6422622203826904,1.6096948385238647,1.5711756944656372,1.5284817218780518,1.5056354999542236,1.443403959274292,1.4334003925323486
4.4000000000000004,0.46459594368934631,0.6932365894317627,0.88520801067352295,1.0975897312164307,1.2778304815292358,1.4240986108779907,1.5053098201751709,1.5782701969146729,1.6300641298294067,1.6624108552932739,1.6755659580230713,1.677970290184021,1.6760518550872803,1.6616356372833252,1.6323580741882324,1.6038305759429932,1.5636779069900513,1.5509804487228394,1.4933624267578125,1.4792467355728149
4.4249999999999998,0.48792046308517456,0.72481948137283325,1.0093683004379272,1.1552183628082275,1.3175703287124634,1.4485023021697998,1.5226197242736816,1.5839583873748779,1.6287077665328979,1.6514570713043213,1.6639529466629028,1.6744464635848999,1.67406165599823,1.6626873016357422,1.6367523670196533,1.6034200191497803,1.5663942098617554,1.5469638109207153,1.4859181642532349,1.4703419208526611
4.4500000000000002,0.43352583050727844,0.66971701383590698,0.86050409078598022,1.09832763671875,1.2731115818023682,1.4133443832397461,1.4945881366729736,1.5687148571014404,1.6174237728118896,1.6424038410186768,1.6563822031021118,1.6654351949691772,1.6705318689346313,1.6643431186676025,1.6414982080459595,1.6184444427490234,1.5861225128173828,1.5741336345672607,1.5309432744979858,1.5275449752807617
4.4749999999999996,0.83908575773239136,0.95651513338088989,1.1712889671325684,1.3259963989257812,1.4097994565963745,1.4847730398178101,1.5507745742797852,1.6007080078125,1.6346681118011475,1.6590198278427124,1.6676841974258423,1.666685938835144,1.6658203601837158,1.6515380144119263,1.6228797435760498,1.5860642194747925,1.5519676208496094,1.5300077199935913,1.4745372533798218,1.457789421081543
4.5,0.0,0.0,0.0,0.0,0.0,0.0,0.10964372009038925,0.50798881053924561,1.0855487585067749,1.4723480939865112,1.7386512756347656,1.7957606315612793,1.7626032829284668,1.6923093795776367,1.6035312414169312,1.5005221366882324,1.3965181112289429,1.2722007036209106,1.1490545272827148,1.0388470888137817
4.5250000000000004,0.0,0.0,0.0,0.0,0.1239759549498558,0.30447712540626526,0.36461547017097473,0.77093976736068726,1.2111462354660034,1.5505403280258179,1.7591906785964966,1.7994405031204224,1.7414673566818237,1.6671105623245239,1.5970733165740967,1.5188539028167725,1.4391238689422607,1.3452413082122803,1.228534460067749,1.1372272968292236
4.5499999999999998,0.0,0.0,0.0,0.0,0.0,0.0,0.0,0.1239759549498558,0.77656489610671997,1.2882026433944702,1.6391493082046509,1.7714927196502686,1.7732576131820679,1.7239283323287964,1.6651151180267334,1.6048538684844971,1.5101888179779053,1.3957816362380981,1.2608263492584229,1.0859700441360474
4.5750000000000002,0.0,0.0,0.0,0.43895670771598816,0.63294464349746704,0.73671251535415649,0.89140379428863525,0.93355715274810791,1.2276839017868042,1.5244685411453247,1.7126057147979736,1.7814825773239136,1.7547906637191772,1.6893258094787598,1.6290050745010376,1.5716813802719116,1.4963201284408569,1.4158186912536621,1.3155063390731812,1.1938759088516235
4.5999999999999996,0.0,0.0,0.0,0.0,0.0,0.0,0.48955348134040833,0.94637244939804077,1.2623380422592163,1.6021348237991333,1.7507343292236328,1.7739458084106445,1.7460880279541016,1.6810003519058228,1.5916060209274292,1.4777536392211914,1.3498591184616089,1.1909688711166382,1.0033966302871704,0.85065925121307373
4.625,0.0,0.0,0.0,0.0,0.0,0.0,0.0,0.1239759549498558,1.1382057666778564,1.5568190813064575,1.7752524614334106,1.7804043292999268,1.7324072122573853,1.6659127473831177,1.5924352407455444,1.5064623355865479,1.4057807922363281,1.2731508016586304,1.1249041557312012,1.0137807130813599
4.6500000000000004,0.0,0.0,0.0,0.0,0.0,0.0,0.0,0.80802732706069946,1.2001166343688965,1.613735556602478,1.7976207733154297,1.7827595472335815,1.7222418785095215,1.6400448083877563,1.5572999715805054,1.4745792150497437,1.3795099258422852,1.2751784324645996,1.1282821893692017,0.90027141571044922
4.6749999999999998,0.0,0.0,0.0,0.0,0.0,0.0,0.0,0.73246955871582031,1.2370749711990356,1.6312452554702759,1.766303539276123,1.7683688402175903,1.7167916297912598,1.6575169563293457,1.5929207801818848,1.509885311126709,1.4251041412353516,1.3223723173141479,1.1851136684417725,1.0319221019744873
4.7000000000000002,0.0,0.0,0.0,0.0,0.0,0.0,0.0,0.42494088411331177,0.95193427801132202,1.4667806625366211,1.794405460357666,1.8335419893264771,1.7369720935821533,1.624183177947998,1.5090112686157227,1.4004257917404175,1.3102595806121826,1.2233830690383911,1.1346639394760132,1.0551526546478271
4.7249999999999996,0.0,0.0,0.0,0.0,0.0,0.0,0.0,0.0,0.7043115496635437,1.3639148473739624,1.7392511367797852,1.8200788497924805,1.7692786455154419,1.674290657043457,1.5725638866424561,1.4687002897262573,1.3597794771194458,1.2698754072189331,1.1803923845291138,1.0976108312606812
4.75,0.0,0.0,0.0,0.0,0.0,0.0,0.0,0.53007769584655762,1.0493896007537842,1.4819918870925903,1.7527600526809692,1.8135615587234497,1.7604583501815796,1.6722650527954102,1.5595028400421143,1.4745464324951172,1.3903560638427734,1.2972184419631958,1.1979570388793945,1.081352710723877
4.7750000000000004,0.0,0.0,0.0,0.0,0.0,0.0,0.0,0.63026958703994751,1.2148174047470093,1.6559665203094482,1.8253908157348633,1.7991752624511719,1.7096893787384033,1.5842647552490234,1.4509785175323486,1.3132104873657227,1.1833105087280273,1.0504055023193359,0.92192888259887695,0.7715611457824707
4.7999999999999998,0.0,0.0,0.0,0.0,0.0,0.0,0.0,0.1239759549498558,1.0918914079666138,1.564656138420105,1.7718884944915771,1.8048632144927979,1.7423341274261475,1.6456233263015747,1.5409542322158813,1.4231293201446533,1.3197087049484253,1.2023069858551025,1.1170080900192261,1.0491228103637695
4.8250000000000002,0.0,0.0,0.0,0.0,0.0,0.0,0.0,0.0,0.84122627973556519,1.5197877883911133,1.7604241371154785,1.7990626096725464,1.7477681636810303,1.6526923179626465,1.5611728429794312,1.4764941930770874,1.3783653974533081,1.2821764945983887,1.1929931640625,1.1012419462203979
4.8499999999999996,0.0,0.0,0.0,0.0,0.0,0.0,0.24809430539608002,0.82157647609710693,1.3479593992233276,1.7034939527511597,1.8529725074768066,1.7789257764816284,1.6576120853424072,1.5197210311889648,1.3956218957901001,1.2761532068252563,1.1637241840362549,1.0723662376403809,0.99966663122177124,0.849770188331604
4.875,0.0,0.0,0.0,0.0,0.0,0.0,0.0,0.0,0.69845640659332275,1.2392609119415283,1.5794346332550049,1.7402812242507935,1.7735574245452881,1.7506051063537598,1.6860688924789429,1.6117206811904907,1.5381348133087158,1.4527910947799683,1.3460066318511963,1.2182474136352539
4.9000000000000004,0.0,0.0,0.0,0.0,0.0,0.0,0.0,0.32634857296943665,1.1169048547744751,1.5555189847946167,1.7920389175415039,1.7953548431396484,1.7276968955993652,1.6388380527496338,1.5401474237442017,1.4592652320861816,1.380526065826416,1.308077335357666,1.2381875514984131,1.2362625598907471
4.9249999999999998,0.0,0.0,0.0,0.0,0.0,0.0,0.0,0.0,0.77608776092529297,1.4385941028594971,1.765924334526062,1.7904869318008423,1.7431199550628662,1.6597112417221069,1.5818026065826416,1.5172916650772095,1.4479795694351196,1.3851048946380615,1.3335124254226685,1.2938307523727417
4.9500000000000002,0.0,0.0,0.0,0.0,0.0,0.0,0.0,0.85048413276672363,1.2907074689865112,1.6797111034393311,1.8145384788513184,1.7888696193695068,1.7024242877960205,1.588605523109436,1.4885544776916504,1.4070868492126465,1.3228796720504761,1.2307288646697998,1.1486369371414185,1.1027268171310425
4.9749999999999996,0.0,0.0,0.0,0.0,0.0,0.0,0.0,0.0,0.16493085026741028,0.99997895956039429,1.5036680698394775,1.7231749296188354,1.7933467626571655,1.7660837173461914,1.6948959827423096,1.5935828685760498,1.4640746116638184,1.3391989469528198,1.2270302772521973,1.0989769697189331
5.0,1.3999765611078505,1.4459275511381329,1.5146653927758451,1.5677886375679295,1.5962366262368914,1.5978254692282243,1.5953354404918576,1.5730559103715838,1.5595663281918473,1.5817782751014249,1.6614309253811512,1.4500823289334162,1.4659427063266464,1.5973916654364517,1.6059113402397651,1.5374153595162503,1.445114863853453,1.3334450233739461,1.2227091957446989,0.99715430843875374
5.0250000000000004,1.4257928526655363,1.3679825226438485,1.2829656088952046,1.3149624361162964,1.3711071882998553,1.4299917903202628,1.4647893004600645,1.4786874272854027,1.5261931467967231,1.6961797364773024,1.5970450313258533,1.4864405153474263,1.5090110624495665,1.4504742822011962,1.4244630412485044,1.4575141369706739,1.4280619832052899,1.503430680766219,1.7286713120156232,1.6512621669903311
5.0499999999999998,0.0,0.0,0.24795191163114566,0.43767511609382287,1.477742760669805,1.6435203406878334,1.646563668660465,1.5917491631695557,1.5880430524206623,1.5676683268626892,1.6064976460502332,1.6033666225171421,1.4663881732310964,1.4485968295119958,1.4364828679209811,1.3452554192346384,1.2779174408404061,1.2572344186990261,1.3446193940771365,1.5088144773494434
5.0750000000000002,1.103986013409445,1.0793215201468203,1.1084629331378706,1.1639017019132349,1.1796176702972272,1.1754846715587521,1.1624287990020741,1.1850709177147152,1.2541329436920461,1.2892159065560596,1.304667332815487,1.3193158450139286,1.3348974211179405,1.4079814721337582,1.5149894501776828,1.5572674596252414,1.6031649311065417,1.6259165968587308,1.7714500721565849,1.8017356501375521
5.0999999999999996,0.12397595581557283,1.0508774944593331,1.2021495274965643,1.9797573035890617,1.5797146002790816,0.99629781564820941,0.95993955007494125,0.95236543648843974,0.93928087684128503,0.91496524655781364,0.94416279575009887,0.9430777881073289,1.0101302308951687,1.0999608363392812,1.0012126745142218,0.94633957569113858,0.70397426092864845,0.21717137967766548,0.0,0.0
5.125,1.743166389931208,1.7342130602133645,1.5698327195375639,1.5003236200403158,1.4566857628098375,1.385485430999573,1.3325827696819827,1.3159813700884717,1.3244219017505454,1.3411627464521272,1.3546352802599717,1.353781734778253,1.3307363305887745,1.4140484673533098,1.6952182112013583,1.686977490120479,1.2316379012339298,1.1798554300175357,1.1622744009820574,1.3306735720451841
5.1500000000000004,1.317987172222034,1.6542791580980354,1.6408207650456053,1.5629658238130573,1.5627683502908924,1.5732349206129703,1.5692060208529397,1.565805418081377,1.5437483878375136,1.5201708314232865,1.5129709697391198,1.508482774460582,1.5110687031954315,1.4912374554442982,1.4729509853513589,1.4484432928140496,1.4455829684092976,1.4338546489403132,1.5213132317137597,1.4832251855241965
5.1749999999999998,1.2070182925964221,1.1085865658557259,1.1924806364883986,1.3170811661364934,1.4349177963024748,1.3947180583479586,1.3680404975730311,1.4120664079455401,1.4277034489654656,1.4291536817942634,1.4462644574801022,1.4085153565213906,1.4484260513944538,1.4459521706590288,1.3693424416990332,1.4109075281454608,1.3663921072521092,1.4104921337005749,1.6242934684573804,1.9162782837962264
5.2000000000000002,1.3865945560122925,1.3414393039123571,1.3248306848828986,1.3564340641877404,1.3844695231236916,1.3960717798343973,1.413151965451799,1.4525467437358943,1.4614858534646356,1.4816551634963879,1.5134764623787862,1.5627886869188647,1.5656913387918212,1.5496372957300282,1.5349507994960094,1.5105155004208806,1.4759553052111811,1.4747369033147426,1.5704672670125248,1.8329795118538137
5.2249999999999996,1.0592773262248443,0.85416556824211431,0.90686451257635392,0.92434120176229462,0.92781992871068086,0.91653422804176554,1.1194669542027433,1.4423033698441996,1.5895859607200475,1.667732630680713,1.657463188978604,1.6021719258056477,1.5736101161058551,1.4670766439027392,1.3314901062690501,1.3011053749693486,1.3668131911772488,1.4604569395854092,1.4995706960634856,1.7917346326521606
5.25,0.0,0.0,0.18811342223375871,0.7084247099328137,0.98376401700670491,1.2084591817268349,1.3897775145827278,1.45638248056761,1.4732846327496922,1.4554731508943037,1.5355004284001259,1.4167429482332976,1.2471993566863648,1.1883217653168019,1.2044143759270189,1.2296830272755355,1.3198307188008918,1.3199712330559856,1.4289559832093588,1.9407313963455299
5.2750000000000004,1.3016387215521157,1.2584916596135955,1.2547855761790956,1.3316889063127211,1.5023041527150598,1.3791408402113285,1.4282289590322215,1.3622632845802964,1.3581633524835723,1.3788767040089498,1.4831885055053831,1.5086470467291604,1.511341796916809,1.4967157346150317,1.5707319829450839,1.6663043331985565,1.5354072037786983,1.8171637483592804,1.3960075285776206,1.2664496517801047
5.2999999999999998,0.0,0.0,0.23150361245267481,0.63077505610005169,0.87503997242041665,1.0190960463074734,1.1054998276285779,1.1567518830422765,1.1995229702009611,1.2546560922790486,1.3434506887300242,1.451738673581064,1.5853697050173874,1.7446148343022396,1.8631934684763845,1.807104814224993,1.3817351204724411,0.55469245060046501,0.0,0.0
5.3250000000000002,1.1573217381440359,1.2382557953722526,1.2602019471506316,1.2958074906789367,1.3023022012989636,1.3525323525778039,1.3255465763754499,1.3759726066633933,1.4061124518288322,1.4695255820314048,1.4633171362410577,1.5133276200637098,1.5384947991626192,1.5631641047321245,1.5864985699304919,1.6285819299567943,1.6231313088073411,1.7533149155617129,1.6983555116445603,1.622411240819885
5.3499999999999996,1.5834664279686745,1.2853253791313668,1.2432736248017173,1.2535485707737337,1.2884983733094237,1.3037757562788626,1.2944696382159491,1.2924744357139435,1.2914390571476679,1.2828132121701015,1.289669695172394,1.2963005178804159,1.3084081954053213,1.3143174530058825,1.3261689551910798,1.3422753257925937,1.3757177134994163,1.4184149473352397,1.5817429906842146,1.9351162869666219
5.375,1.930117986595578,1.5166879909605044,1.3626854259698074,1.2761707944413856,1.2715762185283852,1.2734318233747992,1.3266798821365751,1.3385752810967508,1.3715066455550735,1.374154708237781,1.3848215569209024,1.3934009929853657,1.406662269783892,1.4129069671874812,1.3834855429205988,1.3468221281241377,1.2941722470001911,1.2568448960743277,1.354526846834305,1.4128557391194829
5.4000000000000004,1.6171280705855222,1.6241388428524661,1.5997689926555596,1.5846221419840647,1.5752597116054874,1.5655006274125958,1.5497419658792759,1.5222208414787848,1.5037614302299502,1.4911912900816187,1.4740101373655092,1.4680209017769807,1.4736203767394709,1.4778209428787576,1.4655855483134346,1.4673074829666291,1.4006708527318823,1.3717161056544855,1.3617625512664393,1.4996926333639571
5.4249999999999998,1.5443646994915636,1.5830213323132183,1.5883521295131304,1.4663643670298057,1.4615359439407736,1.3670897963452668,1.3426975265268666,1.3351146958569937,1.3048598872990693,1.2212418738777768,1.1699700882095505,1.1575124379726773,1.1325705397747139,1.1499261877499543,1.1598887548234109,1.2388745669168792,1.5078040394429946,1.7721174454418063,1.7924225047564153,1.5196734181536307
5.4500000000000002,1.2761787308618342,1.2333932131173877,1.1603773700439537,1.1557460997070916,1.5568583918609753,1.8538484686422549,1.2850948890054557,1.3955347408298471,1.4812911661902661,1.3213628686501337,1.2938771902396058,1.2663239237997388,1.2718188349078798,1.2846068062862841,1.3557139885849963,1.5490156493219724,1.7535917879103018,1.5090784475275016,1.3189990344905196,0.87511493431451082
5.4749999999999996,0.0,0.12397595581557283,0.32047319677431874,0.56937971637688933,0.79564618506908213,0.9918132781224569,1.1037076588047723,1.2053150180227323,1.2575806855264653,1.3081580950151053,1.338787338448618,1.3515987394163271,1.3703304303967168,1.3825100624018396,1.4023500546512924,1.4255159202093748,1.455236938572295,1.4934463099572111,1.6771607203783441,1.9491468872327062
5.5,0.88202518952949194,1.091563361830485,1.2327606634643364,1.3888196168783957,1.5381516803847806,1.6631894102373013,1.7342159106144566,1.7045307546901443,1.6471601579597317,1.5769436123912339,1.4884079858556569,1.4185641592880616,1.4004459331935133,1.4126447544827285,1.4270421812329352,1.4365987833236953,1.435900736306245,1.4249484526746148,1.420904223004289,1.344633734104417
5.5250000000000004,1.4248474605757635,1.6189307772547354,1.5064401732694224,1.5885845089967598,1.6726683695673117,1.6743672290631098,1.5943767670504438,1.5599980417353208,1.4044960846263512,1.1729569762240952,1.1867386718952697,1.1771225748890406,1.125614168607783,1.0855598729307743,1.1245641872551764,1.0745131622141444,1.1098155104934719,1.1904533470786633,1.5853165511443332,1.7012387995158351
5.5499999999999998,1.5837024820053149,1.7032134396525633,1.6417112469047166,1.566625057848863,1.5489107718725699,1.5603943435835157,1.5685921785789343,1.5666640832220911,1.5588154966795673,1.5194492170162139,1.4888738800866415,1.4803371431274943,1.475615208334857,1.4548335203151894,1.4402605802398578,1.4062578529553036,1.3279618950470737,1.2816723038420865,1.3343115552968843,1.5645118241507388
5.5750000000000002,1.4439306310198063,1.2624724662147022,1.4574161285214351,1.4671464835001389,1.3972500301186126,1.3825238523867636,1.3977534330456343,1.4211247869506913,1.4118806607201029,1.4460862263302543,1.4584806855175474,1.4865296259262621,1.5596362893065974,1.5043267943620784,1.5380835682547565,1.5063558714336565,1.4537445175646213,1.5073918890060269,1.5993120556233535,1.8347777436834447
5.5999999999999996,1.1836530023748575,1.0792535038348341,1.0450725592202725,1.0172391579779227,1.3599484935435051,1.4667010327598917,1.3541155593067025,1.3141716554903042,1.2802384967301301,1.3129669460630491,1.3135788402680961,1.3345309472992166,1.3540357288494542,1.346134304903825,1.3399089999877685,1.4056766787363093,1.554637539360461,1.5681675407822606,1.6370005225214148,1.9032199043551703
5.625,1.0042156319153703,1.392384270461676,1.365261106426239,1.3727898275573236,1.3197212472922522,1.3126564866298343,1.7257372591111482,1.6227835601229159,1.4432831979443543,1.4956870432376719,1.4385509423660374,1.4497404987399787,1.4164644037893876,1.3724259942039596,1.3959444078159731,1.6161039956424799,1.5572279789688599,1.3999074393530841,1.463099654344459,1.7280204412311924
5.6500000000000004,1.35804902492131,1.3294806964669961,1.5648473574420911,1.6043576940816371,1.5364179654899526,1.508540061732061,1.5124902883458651,1.5516780980585061,1.5953852510225093,1.5971593485867799,1.5869269566608533,1.6034953776537395,1.6023129191668879,1.6508602706999447,1.3748653833017803,1.0458196346822304,0.93650642849148646,0.41082826009178375,0.83604045569931162,0.81136154250986892
5.6749999999999998,1.2257511173492814,1.1367866914259417,1.3993120033644859,1.4620081136607717,1.3898946675194266,1.4501016999483549,1.499706072810898,1.3963592772388709,1.3636609922210472,1.3895749576721514,1.4168829321840564,1.4686719255121352,1.5164152716893431,1.5896766599451522,1.7408253392583566,1.567220166599498,1.4552347236259946,1.4027772924707387,1.3882976599514831,1.775021768738466
5.7000000000000002,1.7546407055909317,1.6090121099022305,1.5715834792896852,1.5635689256930483,1.5437858192677985,1.543465554935983,1.5262805008976126,1.5230479255865201,1.5170652337319075,1.5522636845584044,1.6195546025540648,1.5271209071608365,1.4314842082449806,1.3650279576931934,1.3094509420905378,1.3145508707032718,1.3170634259297425,1.3183698763247116,1.2946650516177676,1.3635678785274998
5.7249999999999996,1.1375435691502673,1.4470084688453604,1.584460431008889,1.6358313467858083,1.6798852351652456,1.6473847496438188,1.5927552995041974,1.4723423675833591,1.4767512716170752,1.4876120712034275,1.4450680297591769,1.4574686861954043,1.4836063793138305,1.5036281644035203,1.4983702344864518,1.5946139405520108,1.3251162970909776,0.0,0.0,0.0
5.75,1.5851101244116097,1.5342592012625951,1.5146261504894061,1.5195020863493514,1.555029704760547,1.531571755120356,1.5156951925350417,1.5391410609472345,1.5616605354270487,1.5485951318548534,1.516685585204558,1.4730104843546119,1.4280860595643801,1.404183909311739,1.356256184598494,1.312380803116233,1.2826505819522169,1.2721148929338495,1.2832199744221056,1.7431768360421303
5.7750000000000004,1.1019380343051928,1.2386595400706877,1.3536014606243751,1.516065659921503,1.5154384602369755,1.4785043196520178,1.5148471691732228,1.5781834270828103,1.6699132844530504,1.7586873143384061,1.6676121980611416,1.5552862554960967,1.4737034401448634,1.4922587428564469,1.6029052477544747,1.5575729148653785,1.2536628975937545,1.0652252848416111,1.0901674106817458,0.92745239180864536
5.7999999999999998,1.7024320706298639,1.2255698139950697,1.3597543098984977,1.3941769724366417,1.4554469138093102,1.6954635686457595,1.4465360289311293,1.3918274006649898,1.4221398003255818,1.4273791384467678,1.4492511245124233,1.4641160328925853,1.497434833616671,1.516469131396416,1.732646506942018,1.572747893652606,1.4144924148737781,1.3115388676470479,1.3960815973450631,1.1659994500657678
5.8250000000000002,0.79436257853396686,1.3016880021932606,1.4728822052944901,1.5806282827237672,1.5687752955992775,1.6345025529772841,1.6326170371342137,1.6481416554885593,1.6227888605789045,1.610386465899051,1.6138367921401064,1.6205263495525295,1.4685083379580814,1.3153387914142347,1.2892100692435287,1.3616271241328592,1.3079371804033213,1.1689948562051544,1.13544619080503,1.0903826956026954
5.8499999999999996,0.90031582370931906,1.3857506181413901,1.484282027554729,1.5345636990576961,1.5666078522934583,1.5726944578866964,1.5899864774504309,1.5814689608971126,1.5607002838976132,1.5627700590651403,1.565232013699323,1.5557338581214664,1.5468798217300821,1.5523584921396525,1.5429009942572587,1.4991623417435744,1.3767671634427003,1.2291041852017577,1.2211389104256105,1.4670849647256337
5.875,1.7253924958623854,1.5491686038153465,1.5484863896412355,1.5427978193293399,1.5285027349014064,1.63582905084964,1.563577244649605,1.5393458502593511,1.5431018164382484,1.5452975299983205,1.6071874570874491,1.3587531007327318,1.131505388687533,1.1240288275302497,1.131450932738775,1.1173740557576599,1.141282301763809,1.1296242337674027,1.0487064279517233,0.90721695673465552
5.9000000000000004,1.2313090719714963,0.96818422856486352,1.16577729911273,1.2829007836391102,1.1778997640993865,1.20387009358334,1.3174913681446481,1.3490916049059545,1.2210270553607396,1.1827495557228067,1.2584676887928197,1.2682349479552228,1.2104610789211649,1.2468491645946531,1.2318721164440964,1.3100837422263549,1.23972150899888,1.3407578431683342,1.4815220587955522,1.9633905351420653
5.9249999999999998,0.0,0.0,0.0,0.15059861381976178,0.72813183623863953,1.3544823932985861,1.5708336259844753,1.5770642134448001,1.6454389602398072,1.7334287607423029,1.690039205696567,1.6557220960685834,1.6215275302949026,1.5949397319449727,1.56744919795944,1.3686781147850751,0.77686519549057098,0.070012848223105023,0.0,0.0
5.9500000000000002,0.78766001109698425,1.5008591898985504,1.5034474467270416,1.4630918791784624,1.4457870053282467,1.4278169321283636,1.4447237791310552,1.4705787187511348,1.4825055537797112,1.4790773260260881,1.5014229716681262,1.5060824493676241,1.4933235646885157,1.5422363939242945,1.7012754952762608,1.591044951225896,1.4599056290936476,1.4647641271603804,1.5982622521265686,1.4452488327210682
5.9749999999999996,0.0,0.0,0.0,0.0,0.65481015307254065,1.2911762728007516,1.975493906227904,1.477832541825455,1.3063893467427214,1.2675382019662116,1.2271045410667552,1.1531090689140346,1.2483543916474245,1.1630988248680563,1.2170241460340587,1.2086799745758545,1.2591152124355225,1.2551291945635563,1.3160531857493252,1.2046658776595687
